/*
Navicat MySQL Data Transfer

Source Server         : AhhSQL
Source Server Version : 50540
Source Host           : 127.0.0.1:3306
Source Database       : medicines_ms

Target Server Type    : MYSQL
Target Server Version : 50540
File Encoding         : 65001

Date: 2018-11-02 15:12:06
*/

SET FOREIGN_KEY_CHECKS=0;

-- ----------------------------
-- Table structure for accepter
-- ----------------------------
DROP TABLE IF EXISTS `accepter`;
CREATE TABLE `accepter` (
  `a_id` varchar(255) NOT NULL,
  `a_name` varchar(255) DEFAULT NULL,
  `a_phone` varchar(255) DEFAULT NULL,
  PRIMARY KEY (`a_id`)
) ENGINE=InnoDB DEFAULT CHARSET=utf8;

-- ----------------------------
-- Records of accepter
-- ----------------------------
INSERT INTO `accepter` VALUES ('3001', '刘备', '17771180081');
INSERT INTO `accepter` VALUES ('3002', '张飞', '17771180080');
INSERT INTO `accepter` VALUES ('3003', '关羽', '17771180079');

-- ----------------------------
-- Table structure for manger
-- ----------------------------
DROP TABLE IF EXISTS `manger`;
CREATE TABLE `manger` (
  `u_id` varchar(255) NOT NULL,
  `u_name` varchar(255) NOT NULL,
  `u_password` varchar(255) NOT NULL DEFAULT '',
  `openid` varchar(255) DEFAULT NULL,
  `u_tel` varchar(255) DEFAULT NULL,
  PRIMARY KEY (`u_id`)
) ENGINE=InnoDB DEFAULT CHARSET=utf8;

-- ----------------------------
-- Records of manger
-- ----------------------------
INSERT INTO `manger` VALUES ('6001', '艾欢欢', '123456', '7bk6fNteCUSZBg1WnsHcwwiEiE', null);
INSERT INTO `manger` VALUES ('6002', '蒋金鑫', '123456', null, '');
INSERT INTO `manger` VALUES ('6003', '克林顿', '123456', null, '');

-- ----------------------------
-- Table structure for stock
-- ----------------------------
DROP TABLE IF EXISTS `stock`;
CREATE TABLE `stock` (
  `m_id` varchar(255) NOT NULL,
  `m_name` varchar(255) NOT NULL,
  `m_lotnum` varchar(255) NOT NULL,
  `m_number` varchar(255) NOT NULL,
  `m_unit` varchar(255) NOT NULL,
  `m_bit` float(255,2) NOT NULL,
  `m_sell` float(255,2) NOT NULL,
  `a_id` varchar(255) NOT NULL,
  PRIMARY KEY (`m_id`),
  KEY `stock_ibfk_1` (`a_id`),
  CONSTRAINT `stock_ibfk_1` FOREIGN KEY (`a_id`) REFERENCES `accepter` (`a_id`) ON DELETE CASCADE ON UPDATE CASCADE
) ENGINE=InnoDB DEFAULT CHARSET=utf8;

-- ----------------------------
-- Records of stock
-- ----------------------------
INSERT INTO `stock` VALUES ('10001', '六味地黄丸', '20180001', '89', '盒', '30.00', '200.00', '3001');
INSERT INTO `stock` VALUES ('10002', '感冒清热颗粒（胶囊）', '20180002', '9', '盒', '30.00', '50.00', '3001');
INSERT INTO `stock` VALUES ('10004', '柴胡注射液', '20180004', '99', '盒', '22.00', '40.00', '3001');
INSERT INTO `stock` VALUES ('10005', '银翘解毒丸（颗粒、胶囊、软胶囊、片）', '20180005', '99', '盒', '17.00', '40.00', '3001');
INSERT INTO `stock` VALUES ('10006', '芎菊上清丸（颗粒、片）', '20180006', '99', '盒', '20.00', '40.00', '3001');
INSERT INTO `stock` VALUES ('10007', '牛黄清感胶囊', '20180007', '99', '盒', '30.00', '60.00', '3001');
INSERT INTO `stock` VALUES ('10008', '小儿宝泰康颗粒', '20180008', '5', '盒', '19.00', '60.00', '3001');
INSERT INTO `stock` VALUES ('10009', '祖卡木颗粒', '20180009', '99', '盒', '22.00', '60.00', '3001');
INSERT INTO `stock` VALUES ('10010', '小儿热速清口服液（颗粒）', '20180010', '99', '盒', '17.00', '50.00', '3001');
INSERT INTO `stock` VALUES ('10011', '防风通圣丸（颗粒）', '20180011', '99', '盒', '20.00', '50.00', '3001');
INSERT INTO `stock` VALUES ('10012', '玉屏风颗粒', '20180012', '99', '盒', '30.00', '50.00', '3001');
INSERT INTO `stock` VALUES ('10013', '黄连上清丸（颗粒、胶囊、片）', '20180013', '99', '盒', '19.00', '50.00', '3001');
INSERT INTO `stock` VALUES ('10014', '牛黄解毒丸（胶囊、软胶囊、片）', '20180014', '99', '盒', '22.00', '50.00', '3001');
INSERT INTO `stock` VALUES ('10015', '牛黄上清丸（胶囊、片）', '20180015', '99', '盒', '17.00', '40.00', '3001');
INSERT INTO `stock` VALUES ('10016', '一清颗粒（胶囊）', '20180016', '99', '盒', '20.00', '40.00', '3001');
INSERT INTO `stock` VALUES ('10017', '板蓝根颗粒', '20180017', '99', '盒', '30.00', '40.00', '3001');
INSERT INTO `stock` VALUES ('10018', '疏风解毒胶囊', '20180018', '99', '盒', '19.00', '60.00', '3002');
INSERT INTO `stock` VALUES ('10019', '清热解毒颗粒', '20180019', '99', '盒', '22.00', '60.00', '3002');
INSERT INTO `stock` VALUES ('10020', '小儿化毒散（胶囊）', '20180020', '99', '盒', '17.00', '60.00', '3002');
INSERT INTO `stock` VALUES ('10021', '保济丸（口服液）', '20180021', '99', '盒', '20.00', '50.00', '3002');
INSERT INTO `stock` VALUES ('10022', '藿香正气水（口服液、软胶囊）', '20180022', '99', '盒', '30.00', '50.00', '3002');
INSERT INTO `stock` VALUES ('10023', '十滴水', '20180023', '99', '盒', '19.00', '50.00', '3002');
INSERT INTO `stock` VALUES ('10024', '双黄连合剂（口服液、颗粒、胶囊、片）', '20180024', '99', '盒', '22.00', '50.00', '3002');
INSERT INTO `stock` VALUES ('10025', '银黄口服液（颗粒、胶囊、片）', '20180025', '99', '盒', '17.00', '50.00', '3002');
INSERT INTO `stock` VALUES ('10026', '茵栀黄口服液（颗粒）', '20180026', '99', '盒', '20.00', '40.00', '3002');
INSERT INTO `stock` VALUES ('10027', '复方黄连素片', '20180027', '99', '盒', '30.00', '40.00', '3002');
INSERT INTO `stock` VALUES ('10028', '连花清瘟胶囊（颗粒）', '20180028', '99', '盒', '19.00', '40.00', '3002');
INSERT INTO `stock` VALUES ('10029', '小儿泻速停颗粒', '20180029', '99', '盒', '22.00', '60.00', '3002');
INSERT INTO `stock` VALUES ('10030', '香连丸', '20180030', '99', '盒', '17.00', '60.00', '3002');
INSERT INTO `stock` VALUES ('10031', '通宣理肺丸（颗粒、胶囊、片）', '20180031', '99', '盒', '20.00', '60.00', '3002');
INSERT INTO `stock` VALUES ('10032', '寒喘祖帕颗粒', '20180032', '99', '盒', '30.00', '50.00', '3002');
INSERT INTO `stock` VALUES ('10033', '蛇胆川贝液', '20180033', '99', '盒', '19.00', '50.00', '3002');
INSERT INTO `stock` VALUES ('10034', '橘红丸（颗粒、胶囊、片）', '20180034', '99', '盒', '22.00', '50.00', '3002');
INSERT INTO `stock` VALUES ('10035', '急支糖浆（颗粒）', '20180035', '99', '盒', '17.00', '50.00', '3002');
INSERT INTO `stock` VALUES ('10036', '养阴清肺丸（膏、颗粒）', '20180036', '99', '盒', '20.00', '50.00', '3002');
INSERT INTO `stock` VALUES ('10037', '二母宁嗽丸（颗粒、片）', '20180037', '99', '盒', '30.00', '40.00', '3002');
INSERT INTO `stock` VALUES ('10038', '润肺膏', '20180038', '99', '盒', '19.00', '40.00', '3002');
INSERT INTO `stock` VALUES ('10039', '强力枇杷露', '20180039', '99', '盒', '22.00', '40.00', '3002');
INSERT INTO `stock` VALUES ('10040', '小儿消积止咳口服液', '20180040', '99', '盒', '17.00', '60.00', '3002');
INSERT INTO `stock` VALUES ('10041', '清宣止咳颗粒', '20180041', '99', '盒', '20.00', '60.00', '3002');
INSERT INTO `stock` VALUES ('10042', '小儿肺咳颗粒', '20180042', '99', '盒', '30.00', '60.00', '3002');
INSERT INTO `stock` VALUES ('10043', '蛤蚧定喘丸（胶囊）', '20180043', '99', '盒', '19.00', '50.00', '3002');
INSERT INTO `stock` VALUES ('10044', '桂龙咳喘宁胶囊（片）', '20180044', '99', '盒', '22.00', '50.00', '3002');
INSERT INTO `stock` VALUES ('10045', '补中益气丸（颗粒）', '20180045', '99', '盒', '17.00', '50.00', '3002');
INSERT INTO `stock` VALUES ('10046', '参苓白术散（丸、颗粒）', '20180046', '99', '盒', '20.00', '50.00', '3002');
INSERT INTO `stock` VALUES ('10047', '健儿消食口服液', '20180047', '99', '盒', '30.00', '50.00', '3002');
INSERT INTO `stock` VALUES ('10048', '醒脾养儿颗粒', '20180048', '99', '盒', '19.00', '40.00', '3002');
INSERT INTO `stock` VALUES ('10049', '香砂六君丸', '20180049', '99', '盒', '22.00', '40.00', '3002');
INSERT INTO `stock` VALUES ('10050', '安胃疡胶囊', '20180050', '99', '盒', '17.00', '40.00', '3002');
INSERT INTO `stock` VALUES ('10051', '归脾丸（合剂）', '20180051', '99', '盒', '20.00', '60.00', '3002');
INSERT INTO `stock` VALUES ('10052', '健脾生血颗粒（片）', '20180052', '99', '盒', '30.00', '60.00', '3002');
INSERT INTO `stock` VALUES ('10053', '六味地黄丸（颗粒、胶囊）', '20180053', '99', '盒', '19.00', '60.00', '3003');
INSERT INTO `stock` VALUES ('10054', '知柏地黄丸', '20180054', '99', '盒', '22.00', '50.00', '3003');
INSERT INTO `stock` VALUES ('10055', '杞菊地黄丸（胶囊、片）', '20180055', '99', '盒', '17.00', '50.00', '3003');
INSERT INTO `stock` VALUES ('10056', '生血宝合剂（颗粒）', '20180056', '99', '盒', '20.00', '50.00', '3003');
INSERT INTO `stock` VALUES ('10057', '金匮肾气丸（片）', '20180057', '99', '盒', '30.00', '50.00', '3003');
INSERT INTO `stock` VALUES ('10058', '四神丸（片）', '20180058', '99', '盒', '19.00', '50.00', '3003');
INSERT INTO `stock` VALUES ('10059', '济生肾气丸', '20180059', '99', '盒', '22.00', '40.00', '3003');
INSERT INTO `stock` VALUES ('10060', '八珍丸（颗粒、胶囊）', '20180060', '99', '盒', '17.00', '40.00', '3003');
INSERT INTO `stock` VALUES ('10061', '消渴丸', '20180061', '99', '盒', '17.00', '40.00', '3003');
INSERT INTO `stock` VALUES ('10062', '贞芪扶正颗粒（胶囊）', '20180062', '99', '盒', '20.00', '60.00', '3003');
INSERT INTO `stock` VALUES ('10063', '参芪降糖颗粒（胶囊、片）', '20180063', '99', '盒', '30.00', '60.00', '3003');

-- ----------------------------
-- Table structure for stock_in
-- ----------------------------
DROP TABLE IF EXISTS `stock_in`;
CREATE TABLE `stock_in` (
  `i_id` int(255) NOT NULL AUTO_INCREMENT,
  `m_id` varchar(255) DEFAULT NULL,
  `m_name` varchar(255) NOT NULL,
  `m_lotnum` varchar(255) DEFAULT NULL,
  `m_number` varchar(255) DEFAULT NULL,
  `m_unit` varchar(255) DEFAULT NULL,
  `m_bit` float(255,2) DEFAULT NULL,
  `a_id` varchar(255) DEFAULT NULL,
  `m_date_in` datetime NOT NULL DEFAULT '0000-00-00 00:00:00',
  PRIMARY KEY (`i_id`),
  KEY `stock_in_ibfk_1` (`m_id`),
  CONSTRAINT `stock_in_ibfk_1` FOREIGN KEY (`m_id`) REFERENCES `stock` (`m_id`) ON DELETE CASCADE ON UPDATE CASCADE
) ENGINE=InnoDB AUTO_INCREMENT=68 DEFAULT CHARSET=utf8;

-- ----------------------------
-- Records of stock_in
-- ----------------------------
INSERT INTO `stock_in` VALUES ('1', '10001', '六味地黄丸', '20180001', '89', '盒', '30.00', '3001', '0000-00-00 00:00:00');
INSERT INTO `stock_in` VALUES ('2', '10002', '感冒清热颗粒（胶囊）', '20180002', '99', '盒', '30.00', '3001', '0000-00-00 00:00:00');
INSERT INTO `stock_in` VALUES ('4', '10004', '柴胡注射液', '20180004', '99', '盒', '22.00', '3001', '0000-00-00 00:00:00');
INSERT INTO `stock_in` VALUES ('5', '10005', '银翘解毒丸（颗粒、胶囊、软胶囊、片）', '20180005', '99', '盒', '17.00', '3001', '0000-00-00 00:00:00');
INSERT INTO `stock_in` VALUES ('6', '10006', '芎菊上清丸（颗粒、片）', '20180006', '99', '盒', '20.00', '3001', '0000-00-00 00:00:00');
INSERT INTO `stock_in` VALUES ('7', '10007', '牛黄清感胶囊', '20180007', '99', '盒', '30.00', '3001', '0000-00-00 00:00:00');
INSERT INTO `stock_in` VALUES ('8', '10008', '小儿宝泰康颗粒', '20180008', '99', '盒', '19.00', '3001', '0000-00-00 00:00:00');
INSERT INTO `stock_in` VALUES ('9', '10009', '祖卡木颗粒', '20180009', '99', '盒', '22.00', '3001', '0000-00-00 00:00:00');
INSERT INTO `stock_in` VALUES ('10', '10010', '小儿热速清口服液（颗粒）', '20180010', '99', '盒', '17.00', '3001', '0000-00-00 00:00:00');
INSERT INTO `stock_in` VALUES ('11', '10011', '防风通圣丸（颗粒）', '20180011', '99', '盒', '20.00', '3001', '0000-00-00 00:00:00');
INSERT INTO `stock_in` VALUES ('12', '10012', '玉屏风颗粒', '20180012', '99', '盒', '30.00', '3001', '0000-00-00 00:00:00');
INSERT INTO `stock_in` VALUES ('13', '10013', '黄连上清丸（颗粒、胶囊、片）', '20180013', '99', '盒', '19.00', '3001', '0000-00-00 00:00:00');
INSERT INTO `stock_in` VALUES ('14', '10014', '牛黄解毒丸（胶囊、软胶囊、片）', '20180014', '99', '盒', '22.00', '3001', '0000-00-00 00:00:00');
INSERT INTO `stock_in` VALUES ('15', '10015', '牛黄上清丸（胶囊、片）', '20180015', '99', '盒', '17.00', '3001', '0000-00-00 00:00:00');
INSERT INTO `stock_in` VALUES ('16', '10016', '一清颗粒（胶囊）', '20180016', '99', '盒', '20.00', '3001', '0000-00-00 00:00:00');
INSERT INTO `stock_in` VALUES ('17', '10017', '板蓝根颗粒', '20180017', '99', '盒', '30.00', '3001', '0000-00-00 00:00:00');
INSERT INTO `stock_in` VALUES ('18', '10018', '疏风解毒胶囊', '20180018', '99', '盒', '19.00', '3002', '0000-00-00 00:00:00');
INSERT INTO `stock_in` VALUES ('19', '10019', '清热解毒颗粒', '20180019', '99', '盒', '22.00', '3002', '0000-00-00 00:00:00');
INSERT INTO `stock_in` VALUES ('20', '10020', '小儿化毒散（胶囊）', '20180020', '99', '盒', '17.00', '3002', '0000-00-00 00:00:00');
INSERT INTO `stock_in` VALUES ('21', '10021', '保济丸（口服液）', '20180021', '99', '盒', '20.00', '3002', '0000-00-00 00:00:00');
INSERT INTO `stock_in` VALUES ('22', '10022', '藿香正气水（口服液、软胶囊）', '20180022', '99', '盒', '30.00', '3002', '0000-00-00 00:00:00');
INSERT INTO `stock_in` VALUES ('23', '10023', '十滴水', '20180023', '99', '盒', '19.00', '3002', '0000-00-00 00:00:00');
INSERT INTO `stock_in` VALUES ('24', '10024', '双黄连合剂（口服液、颗粒、胶囊、片）', '20180024', '99', '盒', '22.00', '3002', '0000-00-00 00:00:00');
INSERT INTO `stock_in` VALUES ('25', '10025', '银黄口服液（颗粒、胶囊、片）', '20180025', '99', '盒', '17.00', '3002', '0000-00-00 00:00:00');
INSERT INTO `stock_in` VALUES ('26', '10026', '茵栀黄口服液（颗粒）', '20180026', '99', '盒', '20.00', '3002', '0000-00-00 00:00:00');
INSERT INTO `stock_in` VALUES ('27', '10027', '复方黄连素片', '20180027', '99', '盒', '30.00', '3002', '0000-00-00 00:00:00');
INSERT INTO `stock_in` VALUES ('28', '10028', '连花清瘟胶囊（颗粒）', '20180028', '99', '盒', '19.00', '3002', '0000-00-00 00:00:00');
INSERT INTO `stock_in` VALUES ('29', '10029', '小儿泻速停颗粒', '20180029', '99', '盒', '22.00', '3002', '0000-00-00 00:00:00');
INSERT INTO `stock_in` VALUES ('30', '10030', '香连丸', '20180030', '99', '盒', '17.00', '3002', '0000-00-00 00:00:00');
INSERT INTO `stock_in` VALUES ('31', '10031', '通宣理肺丸（颗粒、胶囊、片）', '20180031', '99', '盒', '20.00', '3002', '0000-00-00 00:00:00');
INSERT INTO `stock_in` VALUES ('32', '10032', '寒喘祖帕颗粒', '20180032', '99', '盒', '30.00', '3002', '0000-00-00 00:00:00');
INSERT INTO `stock_in` VALUES ('33', '10033', '蛇胆川贝液', '20180033', '99', '盒', '19.00', '3002', '0000-00-00 00:00:00');
INSERT INTO `stock_in` VALUES ('34', '10034', '橘红丸（颗粒、胶囊、片）', '20180034', '99', '盒', '22.00', '3002', '0000-00-00 00:00:00');
INSERT INTO `stock_in` VALUES ('35', '10035', '急支糖浆（颗粒）', '20180035', '99', '盒', '17.00', '3002', '0000-00-00 00:00:00');
INSERT INTO `stock_in` VALUES ('36', '10036', '养阴清肺丸（膏、颗粒）', '20180036', '99', '盒', '20.00', '3002', '0000-00-00 00:00:00');
INSERT INTO `stock_in` VALUES ('37', '10037', '二母宁嗽丸（颗粒、片）', '20180037', '99', '盒', '30.00', '3002', '0000-00-00 00:00:00');
INSERT INTO `stock_in` VALUES ('38', '10038', '润肺膏', '20180038', '99', '盒', '19.00', '3002', '0000-00-00 00:00:00');
INSERT INTO `stock_in` VALUES ('39', '10039', '强力枇杷露', '20180039', '99', '盒', '22.00', '3002', '0000-00-00 00:00:00');
INSERT INTO `stock_in` VALUES ('40', '10040', '小儿消积止咳口服液', '20180040', '99', '盒', '17.00', '3002', '0000-00-00 00:00:00');
INSERT INTO `stock_in` VALUES ('41', '10041', '清宣止咳颗粒', '20180041', '99', '盒', '20.00', '3002', '0000-00-00 00:00:00');
INSERT INTO `stock_in` VALUES ('42', '10042', '小儿肺咳颗粒', '20180042', '99', '盒', '30.00', '3002', '0000-00-00 00:00:00');
INSERT INTO `stock_in` VALUES ('43', '10043', '蛤蚧定喘丸（胶囊）', '20180043', '99', '盒', '19.00', '3002', '0000-00-00 00:00:00');
INSERT INTO `stock_in` VALUES ('44', '10044', '桂龙咳喘宁胶囊（片）', '20180044', '99', '盒', '22.00', '3002', '0000-00-00 00:00:00');
INSERT INTO `stock_in` VALUES ('45', '10045', '补中益气丸（颗粒）', '20180045', '99', '盒', '17.00', '3002', '0000-00-00 00:00:00');
INSERT INTO `stock_in` VALUES ('46', '10046', '参苓白术散（丸、颗粒）', '20180046', '99', '盒', '20.00', '3002', '0000-00-00 00:00:00');
INSERT INTO `stock_in` VALUES ('47', '10047', '健儿消食口服液', '20180047', '99', '盒', '30.00', '3002', '0000-00-00 00:00:00');
INSERT INTO `stock_in` VALUES ('48', '10048', '醒脾养儿颗粒', '20180048', '99', '盒', '19.00', '3002', '0000-00-00 00:00:00');
INSERT INTO `stock_in` VALUES ('49', '10049', '香砂六君丸', '20180049', '99', '盒', '22.00', '3002', '0000-00-00 00:00:00');
INSERT INTO `stock_in` VALUES ('50', '10050', '安胃疡胶囊', '20180050', '99', '盒', '17.00', '3002', '0000-00-00 00:00:00');
INSERT INTO `stock_in` VALUES ('51', '10051', '归脾丸（合剂）', '20180051', '99', '盒', '20.00', '3002', '0000-00-00 00:00:00');
INSERT INTO `stock_in` VALUES ('52', '10052', '健脾生血颗粒（片）', '20180052', '99', '盒', '30.00', '3002', '0000-00-00 00:00:00');
INSERT INTO `stock_in` VALUES ('53', '10053', '六味地黄丸（颗粒、胶囊）', '20180053', '99', '盒', '19.00', '3003', '0000-00-00 00:00:00');
INSERT INTO `stock_in` VALUES ('54', '10054', '知柏地黄丸', '20180054', '99', '盒', '22.00', '3003', '0000-00-00 00:00:00');
INSERT INTO `stock_in` VALUES ('55', '10055', '杞菊地黄丸（胶囊、片）', '20180055', '99', '盒', '17.00', '3003', '0000-00-00 00:00:00');
INSERT INTO `stock_in` VALUES ('56', '10056', '生血宝合剂（颗粒）', '20180056', '99', '盒', '20.00', '3003', '0000-00-00 00:00:00');
INSERT INTO `stock_in` VALUES ('57', '10057', '金匮肾气丸（片）', '20180057', '99', '盒', '30.00', '3003', '0000-00-00 00:00:00');
INSERT INTO `stock_in` VALUES ('58', '10058', '四神丸（片）', '20180058', '99', '盒', '19.00', '3003', '0000-00-00 00:00:00');
INSERT INTO `stock_in` VALUES ('59', '10059', '济生肾气丸', '20180059', '99', '盒', '22.00', '3003', '0000-00-00 00:00:00');
INSERT INTO `stock_in` VALUES ('60', '10060', '八珍丸（颗粒、胶囊）', '20180060', '99', '盒', '17.00', '3003', '0000-00-00 00:00:00');
INSERT INTO `stock_in` VALUES ('61', '10061', '消渴丸', '20180061', '99', '盒', '17.00', '3003', '0000-00-00 00:00:00');
INSERT INTO `stock_in` VALUES ('62', '10062', '贞芪扶正颗粒（胶囊）', '20180062', '99', '盒', '20.00', '3003', '0000-00-00 00:00:00');
INSERT INTO `stock_in` VALUES ('63', '10063', '参芪降糖颗粒（胶囊、片）', '20180063', '99', '盒', '30.00', '3003', '0000-00-00 00:00:00');

-- ----------------------------
-- Table structure for stock_out
-- ----------------------------
DROP TABLE IF EXISTS `stock_out`;
CREATE TABLE `stock_out` (
  `o_id` int(255) NOT NULL AUTO_INCREMENT,
  `m_id` varchar(255) NOT NULL,
  `m_name` varchar(255) NOT NULL,
  `m_lotnum` varchar(255) NOT NULL,
  `m_number` varchar(255) NOT NULL,
  `m_unit` varchar(255) NOT NULL,
  `m_sell` float(255,2) NOT NULL,
  `a_id` varchar(255) NOT NULL,
  `m_date_out` datetime NOT NULL DEFAULT '0000-00-00 00:00:00',
  PRIMARY KEY (`o_id`),
  KEY `a_id` (`a_id`),
  KEY `stock_out_ibfk_1` (`m_id`),
  CONSTRAINT `stock_out_ibfk_1` FOREIGN KEY (`m_id`) REFERENCES `stock` (`m_id`) ON DELETE CASCADE ON UPDATE CASCADE
) ENGINE=InnoDB AUTO_INCREMENT=65 DEFAULT CHARSET=utf8;

-- ----------------------------
-- Records of stock_out
-- ----------------------------
INSERT INTO `stock_out` VALUES ('1', '10001', '六味地黄丸', '20180001', '0', '盒', '200.00', '3001', '0000-00-00 00:00:00');
INSERT INTO `stock_out` VALUES ('2', '10002', '感冒清热颗粒（胶囊）', '20180002', '0', '盒', '50.00', '3001', '0000-00-00 00:00:00');
INSERT INTO `stock_out` VALUES ('4', '10004', '柴胡注射液', '20180004', '0', '盒', '50.00', '3001', '0000-00-00 00:00:00');
INSERT INTO `stock_out` VALUES ('5', '10005', '银翘解毒丸（颗粒、胶囊、软胶囊、片）', '20180005', '0', '盒', '50.00', '3001', '0000-00-00 00:00:00');
INSERT INTO `stock_out` VALUES ('6', '10006', '芎菊上清丸（颗粒、片）', '20180006', '0', '盒', '50.00', '3001', '0000-00-00 00:00:00');
INSERT INTO `stock_out` VALUES ('7', '10007', '牛黄清感胶囊', '20180007', '0', '盒', '50.00', '3001', '0000-00-00 00:00:00');
INSERT INTO `stock_out` VALUES ('8', '10008', '小儿宝泰康颗粒', '20180008', '0', '盒', '50.00', '3001', '0000-00-00 00:00:00');
INSERT INTO `stock_out` VALUES ('9', '10009', '祖卡木颗粒', '20180009', '0', '盒', '50.00', '3001', '0000-00-00 00:00:00');
INSERT INTO `stock_out` VALUES ('10', '10010', '小儿热速清口服液（颗粒）', '20180010', '0', '盒', '50.00', '3001', '0000-00-00 00:00:00');
INSERT INTO `stock_out` VALUES ('11', '10011', '防风通圣丸（颗粒）', '20180011', '0', '盒', '50.00', '3001', '0000-00-00 00:00:00');
INSERT INTO `stock_out` VALUES ('12', '10012', '玉屏风颗粒', '20180012', '0', '盒', '50.00', '3001', '0000-00-00 00:00:00');
INSERT INTO `stock_out` VALUES ('13', '10013', '黄连上清丸（颗粒、胶囊、片）', '20180013', '0', '盒', '50.00', '3001', '0000-00-00 00:00:00');
INSERT INTO `stock_out` VALUES ('14', '10014', '牛黄解毒丸（胶囊、软胶囊、片）', '20180014', '0', '盒', '50.00', '3001', '0000-00-00 00:00:00');
INSERT INTO `stock_out` VALUES ('15', '10015', '牛黄上清丸（胶囊、片）', '20180015', '0', '盒', '50.00', '3001', '0000-00-00 00:00:00');
INSERT INTO `stock_out` VALUES ('16', '10016', '一清颗粒（胶囊）', '20180016', '0', '盒', '50.00', '3001', '0000-00-00 00:00:00');
INSERT INTO `stock_out` VALUES ('17', '10017', '板蓝根颗粒', '20180017', '0', '盒', '50.00', '3001', '0000-00-00 00:00:00');
INSERT INTO `stock_out` VALUES ('18', '10018', '疏风解毒胶囊', '20180018', '0', '盒', '50.00', '3002', '0000-00-00 00:00:00');
INSERT INTO `stock_out` VALUES ('19', '10019', '清热解毒颗粒', '20180019', '0', '盒', '50.00', '3002', '0000-00-00 00:00:00');
INSERT INTO `stock_out` VALUES ('20', '10020', '小儿化毒散（胶囊）', '20180020', '0', '盒', '50.00', '3002', '0000-00-00 00:00:00');
INSERT INTO `stock_out` VALUES ('21', '10021', '保济丸（口服液）', '20180021', '0', '盒', '50.00', '3002', '0000-00-00 00:00:00');
INSERT INTO `stock_out` VALUES ('22', '10022', '藿香正气水（口服液、软胶囊）', '20180022', '0', '盒', '50.00', '3002', '0000-00-00 00:00:00');
INSERT INTO `stock_out` VALUES ('23', '10023', '十滴水', '20180023', '0', '盒', '50.00', '3002', '0000-00-00 00:00:00');
INSERT INTO `stock_out` VALUES ('24', '10024', '双黄连合剂（口服液、颗粒、胶囊、片）', '20180024', '0', '盒', '50.00', '3002', '0000-00-00 00:00:00');
INSERT INTO `stock_out` VALUES ('25', '10025', '银黄口服液（颗粒、胶囊、片）', '20180025', '0', '盒', '50.00', '3002', '0000-00-00 00:00:00');
INSERT INTO `stock_out` VALUES ('26', '10026', '茵栀黄口服液（颗粒）', '20180026', '0', '盒', '50.00', '3002', '0000-00-00 00:00:00');
INSERT INTO `stock_out` VALUES ('27', '10027', '复方黄连素片', '20180027', '0', '盒', '50.00', '3002', '0000-00-00 00:00:00');
INSERT INTO `stock_out` VALUES ('28', '10028', '连花清瘟胶囊（颗粒）', '20180028', '0', '盒', '50.00', '3002', '0000-00-00 00:00:00');
INSERT INTO `stock_out` VALUES ('29', '10029', '小儿泻速停颗粒', '20180029', '0', '盒', '50.00', '3002', '0000-00-00 00:00:00');
INSERT INTO `stock_out` VALUES ('30', '10030', '香连丸', '20180030', '0', '盒', '50.00', '3002', '0000-00-00 00:00:00');
INSERT INTO `stock_out` VALUES ('31', '10031', '通宣理肺丸（颗粒、胶囊、片）', '20180031', '0', '盒', '50.00', '3002', '0000-00-00 00:00:00');
INSERT INTO `stock_out` VALUES ('32', '10032', '寒喘祖帕颗粒', '20180032', '0', '盒', '50.00', '3002', '0000-00-00 00:00:00');
INSERT INTO `stock_out` VALUES ('33', '10033', '蛇胆川贝液', '20180033', '0', '盒', '50.00', '3002', '0000-00-00 00:00:00');
INSERT INTO `stock_out` VALUES ('34', '10034', '橘红丸（颗粒、胶囊、片）', '20180034', '0', '盒', '50.00', '3002', '0000-00-00 00:00:00');
INSERT INTO `stock_out` VALUES ('35', '10035', '急支糖浆（颗粒）', '20180035', '0', '盒', '50.00', '3002', '0000-00-00 00:00:00');
INSERT INTO `stock_out` VALUES ('36', '10036', '养阴清肺丸（膏、颗粒）', '20180036', '0', '盒', '50.00', '3002', '0000-00-00 00:00:00');
INSERT INTO `stock_out` VALUES ('37', '10037', '二母宁嗽丸（颗粒、片）', '20180037', '0', '盒', '50.00', '3002', '0000-00-00 00:00:00');
INSERT INTO `stock_out` VALUES ('38', '10038', '润肺膏', '20180038', '0', '盒', '50.00', '3002', '0000-00-00 00:00:00');
INSERT INTO `stock_out` VALUES ('39', '10039', '强力枇杷露', '20180039', '0', '盒', '50.00', '3002', '0000-00-00 00:00:00');
INSERT INTO `stock_out` VALUES ('40', '10040', '小儿消积止咳口服液', '20180040', '0', '盒', '50.00', '3002', '0000-00-00 00:00:00');
INSERT INTO `stock_out` VALUES ('41', '10041', '清宣止咳颗粒', '20180041', '0', '盒', '50.00', '3002', '0000-00-00 00:00:00');
INSERT INTO `stock_out` VALUES ('42', '10042', '小儿肺咳颗粒', '20180042', '0', '盒', '50.00', '3002', '0000-00-00 00:00:00');
INSERT INTO `stock_out` VALUES ('43', '10043', '蛤蚧定喘丸（胶囊）', '20180043', '0', '盒', '50.00', '3002', '0000-00-00 00:00:00');
INSERT INTO `stock_out` VALUES ('44', '10044', '桂龙咳喘宁胶囊（片）', '20180044', '0', '盒', '50.00', '3002', '0000-00-00 00:00:00');
INSERT INTO `stock_out` VALUES ('45', '10045', '补中益气丸（颗粒）', '20180045', '0', '盒', '50.00', '3002', '0000-00-00 00:00:00');
INSERT INTO `stock_out` VALUES ('46', '10046', '参苓白术散（丸、颗粒）', '20180046', '0', '盒', '50.00', '3002', '0000-00-00 00:00:00');
INSERT INTO `stock_out` VALUES ('47', '10047', '健儿消食口服液', '20180047', '0', '盒', '50.00', '3002', '0000-00-00 00:00:00');
INSERT INTO `stock_out` VALUES ('48', '10048', '醒脾养儿颗粒', '20180048', '0', '盒', '50.00', '3002', '0000-00-00 00:00:00');
INSERT INTO `stock_out` VALUES ('49', '10049', '香砂六君丸', '20180049', '0', '盒', '50.00', '3002', '0000-00-00 00:00:00');
INSERT INTO `stock_out` VALUES ('50', '10050', '安胃疡胶囊', '20180050', '0', '盒', '50.00', '3002', '0000-00-00 00:00:00');
INSERT INTO `stock_out` VALUES ('51', '10051', '归脾丸（合剂）', '20180051', '0', '盒', '50.00', '3002', '0000-00-00 00:00:00');
INSERT INTO `stock_out` VALUES ('52', '10052', '健脾生血颗粒（片）', '20180052', '0', '盒', '50.00', '3002', '0000-00-00 00:00:00');
INSERT INTO `stock_out` VALUES ('53', '10053', '六味地黄丸（颗粒、胶囊）', '20180053', '0', '盒', '50.00', '3003', '0000-00-00 00:00:00');
INSERT INTO `stock_out` VALUES ('54', '10054', '知柏地黄丸', '20180054', '0', '盒', '50.00', '3003', '0000-00-00 00:00:00');
INSERT INTO `stock_out` VALUES ('55', '10055', '杞菊地黄丸（胶囊、片）', '20180055', '0', '盒', '50.00', '3003', '0000-00-00 00:00:00');
INSERT INTO `stock_out` VALUES ('56', '10056', '生血宝合剂（颗粒）', '20180056', '0', '盒', '50.00', '3003', '0000-00-00 00:00:00');
INSERT INTO `stock_out` VALUES ('57', '10057', '金匮肾气丸（片）', '20180057', '0', '盒', '50.00', '3003', '0000-00-00 00:00:00');
INSERT INTO `stock_out` VALUES ('58', '10058', '四神丸（片）', '20180058', '0', '盒', '50.00', '3003', '0000-00-00 00:00:00');
INSERT INTO `stock_out` VALUES ('59', '10059', '济生肾气丸', '20180059', '0', '盒', '50.00', '3003', '0000-00-00 00:00:00');
INSERT INTO `stock_out` VALUES ('60', '10060', '八珍丸（颗粒、胶囊）', '20180060', '0', '盒', '50.00', '3003', '0000-00-00 00:00:00');
INSERT INTO `stock_out` VALUES ('61', '10061', '消渴丸', '20180061', '0', '盒', '50.00', '3003', '0000-00-00 00:00:00');
INSERT INTO `stock_out` VALUES ('62', '10062', '贞芪扶正颗粒（胶囊）', '20180062', '0', '盒', '50.00', '3003', '0000-00-00 00:00:00');
INSERT INTO `stock_out` VALUES ('63', '10063', '参芪降糖颗粒（胶囊、片）', '20180063', '0', '盒', '50.00', '3003', '0000-00-00 00:00:00');
